{"cameraMode":{"drawMode":0,"name":"Shaded","section":"Shading Mode"},"sceneLighting":false,"audioPlay":false,"sceneViewState":{"m_AlwaysRefresh":false,"showFog":true,"showSkybox":false,"showFlares":true,"showImageEffects":true,"showParticleSystems":true,"showVisualEffectGraphs":true,"m_FxEnabled":true},"in2DMode":false,"pivot":{"x":-7.748603820800781e-7,"y":-0.03065180778503418,"z":-0.010915994644165039},"rotation":{"x":-0.0259080920368433,"y":-0.010020826011896134,"z":-0.000521578942425549,"w":-0.9998923540115356},"size":2.0555343627929689,"orthographic":true}